A10HW8JXM17XLD,42
A117C4QPUJ39TH,147
A11MDNSWQJLCM6,18
A11V9IHTXCR3CX,148
A11W7R2O4RQSSS,152
A146QN6EU8LAEI,19
A1471CAI3HSRI0,161
A158VYQPZFIBUK,38
A15K2DOUJ2I4HU,153
A15LUYM5U0YQNJ,78
A16ADHWQT3W0Z,144
A16VLGA9GWPM16,94
A173A97OFDAX9F,2
A1ACFG3RQPTWE2,103
A1BQJT5CAY7YQD,137
A1BX1A0NDR9G77,64
A1DKL7KT4YB97L,95
A1DSX9D6RYN2TD,119
A1F3HF70PF8G97,44
A1HCJKXZTLF6VI,13
A1ITBOMDVPZGFH,76
A1JLOOA0J2FU7R,112
A1JVI0A7ZLY5FX,149
A1KZG9HWOQ37O7,132
A1LGUAHF19054E,54
A1N1F3XMHT9REB,165
A1N7OG0CEAU4D8,17
A1NZFJHVJ9CNTO,30
A1OUN4CJ9TJFBS,43
A1P6OXEJ86HQRM,49
A1PKZ1X6YVMZ02,93
A1Q6BI8YZ2XSJR,0
A1QUBLZCONL4QD,138
A1QXJZFA5NVGM3,33
A1R4CYUSS7SGDF,74
A1RNCPEIX8NRAY,36
A1S6MD894UBVOE,128
A1SN7EOZUW5VP3,146
A1T579QEGUZKIP,52
A1TH9QF8FD0SF5,105
A1UJWR5MS1ASQV,130
A1ULLCVPGXBYUB,166
A1V5PTNMEAE0HG,75
A1VAY63KMNJS8O,3
A1W3ZZ7DYA9G1I,116
A1WD1YSSV4ANUA,83
A1WJAKH6LPEFAD,32
A1Y3JL53XAO7QV,60
A1YV7SCB1OHMUT,14
A1ZKL6SSDN8V8B,135
A1ZVHIDKZD0S31,25
A227GLXN8PS6LO,53
A2359HAKF0V3VR,66
A237PUN7791D62,120
A23YA7CE7IYZS0,65
A24DDBX1GSUK9H,61
A24HFP5D7QOCXN,122
A24U6CGJG677YI,101
A25UGC7H3WNAYL,96
A262TZQ9N1UH9Q,15
A26IZMSMEDBD9N,69
A27Y9S88IZRXWR,16
A2A1YGF7T1AUMM,131
A2BL9RQZ9Z609E,100
A2CWJRAEFZ44HU,150
A2DU5V4HHGJUQQ,63
A2FAIDFRBYVPGO,109
A2FK6782M09EBO,72
A2FX13F5GKRP79,27
A2G8ECEBDM6SZW,111
A2GXS7E934VJQ1,125
A2HAEJBQ5Z0QG1,51
A2I19HUEE98DX8,160
A2JDYN6QM8M5UN,4
A2JVGU9B4G8R15,104
A2LL67IHLM92ZL,157
A2ML4TEAJTDQD0,41
A2NAKIXS3DVGAA,169
A2NQR8NLH5P3IH,140
A2O5WIC20C7ZG9,92
A2PAXZMD7Q7NKH,102
A2PSR3CMNR1R9X,154
A2Q99XBBVXFPG7,134
A2T5L3BMB6V4AK,127
A2V27A9GZA1NR2,68
A2W65ZREF4BGCS,21
A2WB2666R3T5A6,99
A2XDWB9NVYI3LQ,77
A2Y8LZS5C81O25,9
A2YC6PEMIRSOAA,82
A2YVQKJX3FO6P,141
A2Z58PTI5RFDKK,89
A2ZDEERVRN5AMC,34
A303SN0O9UQILM,85
A30U8AEGO6OJWL,136
A31OQ5XKBUN38,45
A32OF2058Y5MQA,47
A32WLG9ZR0YXUH,20
A33X52IN60MSOE,115
A34ZJFQ9UCP1CR,81
A35C2EW7OU8JXS,58
A3617CV9LWC41E,164
A36YFFQ1X3Z2BX,126
A39THQVCDUYC1V,12
A39VZ93N96XB6O,142
A3AET6K8G43FEH,123
A3AJHT82BI2027,121
A3ATB5GC4BQIH0,98
A3BDF09Y1UO4QL,29
A3DBO2LF4D0M6T,84
A3DW6KSQPG6GVQ,5
A3HFDEQSN5QZ67,158
A3I5MGK4AFCJ7,90
A3J5BB16UX87RR,133
A3JBBTVO4GIU3V,73
A3JG48VR1J5JP4,46
A3KP8KFGG6734Q,110
A3LELDIQL1AHII,113
A3NPOQGA9WE049,79
A3O3NJQ5AUXUVV,80
A3OAOYB7Y96T7K,106
A3OP7EZVQ6M6MC,37
A3OPN4TO4PC5PW,167
A3RXEH2TY467E5,10
A3S1RXAEZLSQ25,48
A3TSBDLVRHENSB,118
A3UJSDFJ9LBQ6Z,124
A3UV55HC87DO9C,31
A3V07UY36W5QEZ,117
A3V2O71AQ29DRZ,11
A42YQYKF6X75M,67
A4RG0P6SYLDTX,88
A5H85F1CEARPA,91
A5TE425T8LS4V,24
A65Y43EHJ45C9,97
A6C4638VSCG0Z,156
A7TI4X4LRGQA0,170
A8I6D1NF7NI72,86
A8Z3L7LLG7SVC,155
A9692Y27LBXT9,39
AAH6CYAR7385U,145
ABP4AEZEWIQ5K,87
ACCTKKQVZ8WYG,159
ADP3FQJ88ATS0,40
AF0W4ZBY7VXOU,1
AFWEDIHTMZ6BU,71
AGFQW9KEQF0HC,114
AGP7ZC1UU2AA9,56
AH7Z2M3KSQ4DW,107
AI3I12Q29D3PK,162
AIEKCWYZTS41V,50
AIP57THCIH10A,143
AJABAPM32ETMN,168
AK5RARSY6VFXH,129
AKE8TXE091UT8,59
ALOIU63SF3SOV,55
AN4P0SU1YSPF2,23
AOC7YIIR20JS3,7
AOMYFDVVIRWN2,8
AOPA6R7JGGLOS,108
AP0S8XK7HGH2I,151
AQ2NW2SADBI64,22
AQJCB00VQVQK0,139
AQTAO3905UV0V,26
AV22FQTJNBUZT,35
AV7UX8QQXABSK,57
AX3KFUB3F8VOU,62
AXAO7UJYYEFCO,70
AXOE3WA9YT5MF,6
AZ69TBTDH7AZS,28
AZS2CB56I5XVR,163
