A10HW8JXM17XLD,152
A117C4QPUJ39TH,64
A11MDNSWQJLCM6,161
A11V9IHTXCR3CX,54
A11W7R2O4RQSSS,68
A146QN6EU8LAEI,132
A1471CAI3HSRI0,13
A158VYQPZFIBUK,75
A15K2DOUJ2I4HU,131
A15LUYM5U0YQNJ,44
A16ADHWQT3W0Z,58
A16VLGA9GWPM16,61
A173A97OFDAX9F,0
A1ACFG3RQPTWE2,158
A1BQJT5CAY7YQD,166
A1BX1A0NDR9G77,115
A1DKL7KT4YB97L,137
A1DSX9D6RYN2TD,66
A1F3HF70PF8G97,49
A1HCJKXZTLF6VI,19
A1ITBOMDVPZGFH,81
A1JLOOA0J2FU7R,163
A1JVI0A7ZLY5FX,89
A1KZG9HWOQ37O7,23
A1LGUAHF19054E,53
A1N1F3XMHT9REB,8
A1N7OG0CEAU4D8,151
A1NZFJHVJ9CNTO,113
A1OUN4CJ9TJFBS,73
A1P6OXEJ86HQRM,47
A1PKZ1X6YVMZ02,36
A1Q6BI8YZ2XSJR,82
A1QUBLZCONL4QD,160
A1QXJZFA5NVGM3,140
A1R4CYUSS7SGDF,71
A1RNCPEIX8NRAY,7
A1S6MD894UBVOE,55
A1SN7EOZUW5VP3,156
A1T579QEGUZKIP,90
A1TH9QF8FD0SF5,103
A1UJWR5MS1ASQV,159
A1ULLCVPGXBYUB,116
A1V5PTNMEAE0HG,96
A1VAY63KMNJS8O,139
A1W3ZZ7DYA9G1I,165
A1WD1YSSV4ANUA,111
A1WJAKH6LPEFAD,135
A1Y3JL53XAO7QV,138
A1YV7SCB1OHMUT,146
A1ZKL6SSDN8V8B,43
A1ZVHIDKZD0S31,3
A227GLXN8PS6LO,141
A2359HAKF0V3VR,95
A237PUN7791D62,15
A23YA7CE7IYZS0,119
A24DDBX1GSUK9H,153
A24HFP5D7QOCXN,12
A24U6CGJG677YI,169
A25UGC7H3WNAYL,108
A262TZQ9N1UH9Q,127
A26IZMSMEDBD9N,33
A27Y9S88IZRXWR,1
A2A1YGF7T1AUMM,150
A2BL9RQZ9Z609E,136
A2CWJRAEFZ44HU,50
A2DU5V4HHGJUQQ,20
A2FAIDFRBYVPGO,93
A2FK6782M09EBO,106
A2FX13F5GKRP79,18
A2G8ECEBDM6SZW,114
A2GXS7E934VJQ1,42
A2HAEJBQ5Z0QG1,84
A2I19HUEE98DX8,37
A2JDYN6QM8M5UN,134
A2JVGU9B4G8R15,120
A2LL67IHLM92ZL,121
A2ML4TEAJTDQD0,162
A2NAKIXS3DVGAA,143
A2NQR8NLH5P3IH,16
A2O5WIC20C7ZG9,45
A2PAXZMD7Q7NKH,97
A2PSR3CMNR1R9X,80
A2Q99XBBVXFPG7,62
A2T5L3BMB6V4AK,110
A2V27A9GZA1NR2,39
A2W65ZREF4BGCS,112
A2WB2666R3T5A6,104
A2XDWB9NVYI3LQ,126
A2Y8LZS5C81O25,51
A2YC6PEMIRSOAA,72
A2YVQKJX3FO6P,29
A2Z58PTI5RFDKK,30
A2ZDEERVRN5AMC,117
A303SN0O9UQILM,10
A30U8AEGO6OJWL,92
A31OQ5XKBUN38,41
A32OF2058Y5MQA,142
A32WLG9ZR0YXUH,57
A33X52IN60MSOE,170
A34ZJFQ9UCP1CR,155
A35C2EW7OU8JXS,105
A3617CV9LWC41E,100
A36YFFQ1X3Z2BX,70
A39THQVCDUYC1V,85
A39VZ93N96XB6O,157
A3AET6K8G43FEH,56
A3AJHT82BI2027,128
A3ATB5GC4BQIH0,5
A3BDF09Y1UO4QL,101
A3DBO2LF4D0M6T,107
A3DW6KSQPG6GVQ,46
A3HFDEQSN5QZ67,91
A3I5MGK4AFCJ7,74
A3J5BB16UX87RR,65
A3JBBTVO4GIU3V,25
A3JG48VR1J5JP4,21
A3KP8KFGG6734Q,109
A3LELDIQL1AHII,79
A3NPOQGA9WE049,22
A3O3NJQ5AUXUVV,94
A3OAOYB7Y96T7K,129
A3OP7EZVQ6M6MC,60
A3OPN4TO4PC5PW,48
A3RXEH2TY467E5,83
A3S1RXAEZLSQ25,147
A3TSBDLVRHENSB,168
A3UJSDFJ9LBQ6Z,124
A3UV55HC87DO9C,148
A3V07UY36W5QEZ,14
A3V2O71AQ29DRZ,78
A42YQYKF6X75M,4
A4RG0P6SYLDTX,167
A5H85F1CEARPA,24
A5TE425T8LS4V,86
A65Y43EHJ45C9,11
A6C4638VSCG0Z,122
A7TI4X4LRGQA0,144
A8I6D1NF7NI72,67
A8Z3L7LLG7SVC,76
A9692Y27LBXT9,77
AAH6CYAR7385U,27
ABP4AEZEWIQ5K,118
ACCTKKQVZ8WYG,130
ADP3FQJ88ATS0,133
AF0W4ZBY7VXOU,102
AFWEDIHTMZ6BU,99
AGFQW9KEQF0HC,6
AGP7ZC1UU2AA9,2
AH7Z2M3KSQ4DW,125
AI3I12Q29D3PK,164
AIEKCWYZTS41V,69
AIP57THCIH10A,28
AJABAPM32ETMN,17
AK5RARSY6VFXH,87
AKE8TXE091UT8,35
ALOIU63SF3SOV,9
AN4P0SU1YSPF2,63
AOC7YIIR20JS3,52
AOMYFDVVIRWN2,145
AOPA6R7JGGLOS,26
AP0S8XK7HGH2I,88
AQ2NW2SADBI64,38
AQJCB00VQVQK0,31
AQTAO3905UV0V,98
AV22FQTJNBUZT,154
AV7UX8QQXABSK,123
AX3KFUB3F8VOU,32
AXAO7UJYYEFCO,149
AXOE3WA9YT5MF,34
AZ69TBTDH7AZS,40
AZS2CB56I5XVR,59
